{
  "timestamp": "2025-08-06 12:35:29",
  "dataset_info": {
    "dataset_filename": "locomo10_sample.json",
    "total_conversations": 2,
    "total_questions": 20,
    "average_questions_per_conversation": 10.0,
    "memory_modes_evaluated": [
      "standard",
      "ebbinghaus"
    ],
    "scipy_available": true
  },
  "memory_mode_stats": {
    "standard": {
      "memory_mode": "standard",
      "total_questions": 20,
      "successful_evaluations": 20,
      "failed_evaluations": 0,
      "success_rate": 1.0,
      "avg_f1_score": 0.07882585373349775,
      "std_f1_score": 0.11612730661691392,
      "avg_bleu_1_score": 0.046502692877371105,
      "std_bleu_1_score": 0.07491761918884045,
      "avg_llm_judge_score": 26.8,
      "std_llm_judge_score": 32.735945156099554,
      "avg_generation_time": 22.52113620042801,
      "std_generation_time": 8.4468328600481,
      "avg_memory_search_time": 0.6252012968063354,
      "std_memory_search_time": 1.1029771583521504,
      "median_f1_score": 0.024390243902439022,
      "median_bleu_1_score": 0.010101010101010104,
      "median_llm_judge_score": 10.0,
      "conversation_count": 2,
      "avg_questions_per_conversation": 10.0
    },
    "ebbinghaus": {
      "memory_mode": "ebbinghaus",
      "total_questions": 20,
      "successful_evaluations": 20,
      "failed_evaluations": 0,
      "success_rate": 1.0,
      "avg_f1_score": 0.05280256775777753,
      "std_f1_score": 0.08320590930506189,
      "avg_bleu_1_score": 0.02512252657473246,
      "std_bleu_1_score": 0.04522826501599159,
      "avg_llm_judge_score": 28.35,
      "std_llm_judge_score": 30.65302423476095,
      "avg_generation_time": 21.57595180273056,
      "std_generation_time": 9.927211204147413,
      "avg_memory_search_time": 0.5840392112731934,
      "std_memory_search_time": 0.5659156872651656,
      "median_f1_score": 0.0,
      "median_bleu_1_score": 0.0,
      "median_llm_judge_score": 10.0,
      "conversation_count": 2,
      "avg_questions_per_conversation": 10.0
    }
  },
  "comparisons": [
    {
      "baseline_mode": "standard",
      "comparison_mode": "ebbinghaus",
      "f1_score_diff": -0.02602328597572022,
      "f1_score_percent_change": -33.01364304115541,
      "bleu_1_score_diff": -0.021380166302638646,
      "bleu_1_percent_change": -45.97618972092378,
      "llm_judge_score_diff": 1.5500000000000007,
      "llm_judge_percent_change": 5.783582089552242,
      "generation_time_diff": -0.9451843976974494,
      "generation_time_percent_change": -4.196877054895154,
      "memory_search_time_diff": -0.041162085533142045,
      "memory_search_time_percent_change": -6.583813204388243,
      "f1_p_value": 0.42035155481193953,
      "bleu_1_p_value": 0.2814478244669958,
      "llm_judge_p_value": 0.8779816009407627,
      "generation_time_p_value": 0.7474950704950244,
      "memory_search_time_p_value": 0.8827402622225342,
      "f1_effect_size": -0.2576135287825083,
      "bleu_1_effect_size": -0.3455106441111958,
      "llm_judge_effect_size": 0.04887802705613167
    }
  ],
  "summary": {
    "memory_modes_count": 2,
    "comparisons_count": 1,
    "best_performing_mode": {
      "f1_score": {
        "mode": "standard",
        "score": 0.07882585373349775
      },
      "bleu_1_score": {
        "mode": "standard",
        "score": 0.046502692877371105
      },
      "llm_judge_score": {
        "mode": "ebbinghaus",
        "score": 28.35
      }
    },
    "performance_improvements": [
      {
        "comparison": "ebbinghaus vs standard",
        "metric": "LLM Judge Score",
        "improvement": "+5.8%",
        "p_value": 0.8779816009407627
      }
    ],
    "statistical_significance": {
      "significant_differences": [],
      "alpha_level": 0.05
    }
  },
  "recommendations": [
    "[MIXED] **Mixed results**: STANDARD performs best on F1 score (0.079), while EBBINGHAUS performs best on LLM judge score (28.4).",
    "[WARNING] **No statistically significant differences** detected between memory modes (p > 0.05). Consider increasing sample size or investigating other factors."
  ]
}