{
  "timestamp": "2025-08-06 11:32:07",
  "dataset_info": {
    "dataset_filename": "locomo10_sample.json",
    "total_conversations": 2,
    "total_questions": 20,
    "average_questions_per_conversation": 10.0,
    "memory_modes_evaluated": [
      "standard",
      "ebbinghaus"
    ],
    "scipy_available": true
  },
  "memory_mode_stats": {
    "standard": {
      "memory_mode": "standard",
      "total_questions": 20,
      "successful_evaluations": 20,
      "failed_evaluations": 0,
      "success_rate": 1.0,
      "avg_f1_score": 0.05960388866557978,
      "std_f1_score": 0.08501121828236494,
      "avg_bleu_1_score": 0.024957078517675972,
      "std_bleu_1_score": 0.0399336159886762,
      "avg_llm_judge_score": 37.75,
      "std_llm_judge_score": 33.93007515464709,
      "avg_generation_time": 21.41143238544464,
      "std_generation_time": 11.252231927968701,
      "avg_memory_search_time": 0.3837624788284302,
      "std_memory_search_time": 0.16748040674580728,
      "median_f1_score": 0.0,
      "median_bleu_1_score": 0.0,
      "median_llm_judge_score": 15.0,
      "conversation_count": 2,
      "avg_questions_per_conversation": 10.0
    },
    "ebbinghaus": {
      "memory_mode": "ebbinghaus",
      "total_questions": 20,
      "successful_evaluations": 20,
      "failed_evaluations": 0,
      "success_rate": 1.0,
      "avg_f1_score": 0.05100910997553918,
      "std_f1_score": 0.07539756484299916,
      "avg_bleu_1_score": 0.02612155331122931,
      "std_bleu_1_score": 0.04940551623543464,
      "avg_llm_judge_score": 33.0,
      "std_llm_judge_score": 27.59671986610766,
      "avg_generation_time": 22.743169474601746,
      "std_generation_time": 9.131453248799653,
      "avg_memory_search_time": 0.657270085811615,
      "std_memory_search_time": 0.5585390244449107,
      "median_f1_score": 0.0,
      "median_bleu_1_score": 0.0,
      "median_llm_judge_score": 20.0,
      "conversation_count": 2,
      "avg_questions_per_conversation": 10.0
    }
  },
  "comparisons": [
    {
      "baseline_mode": "standard",
      "comparison_mode": "ebbinghaus",
      "f1_score_diff": -0.008594778690040598,
      "f1_score_percent_change": -14.419828777050808,
      "bleu_1_score_diff": 0.0011644747935533363,
      "bleu_1_percent_change": 4.665909884959457,
      "llm_judge_score_diff": -4.75,
      "llm_judge_percent_change": -12.582781456953644,
      "generation_time_diff": 1.3317370891571052,
      "generation_time_percent_change": 6.219747773915452,
      "memory_search_time_diff": 0.27350760698318477,
      "memory_search_time_percent_change": 71.27002301479885,
      "f1_p_value": 0.7370248256545017,
      "bleu_1_p_value": 0.9350954230371664,
      "llm_judge_p_value": 0.6299668907453104,
      "generation_time_p_value": 0.6833908164748573,
      "memory_search_time_p_value": 0.04264036116685572,
      "f1_effect_size": -0.10696901149910999,
      "bleu_1_effect_size": 0.025923348728577485,
      "llm_judge_effect_size": -0.15359268755881292
    }
  ],
  "summary": {
    "memory_modes_count": 2,
    "comparisons_count": 1,
    "best_performing_mode": {
      "f1_score": {
        "mode": "standard",
        "score": 0.05960388866557978
      },
      "bleu_1_score": {
        "mode": "ebbinghaus",
        "score": 0.02612155331122931
      },
      "llm_judge_score": {
        "mode": "standard",
        "score": 37.75
      }
    },
    "performance_improvements": [],
    "statistical_significance": {
      "significant_differences": [],
      "alpha_level": 0.05
    }
  },
  "recommendations": [
    "[WINNER] **STANDARD memory consistently outperforms** across both traditional (F1) and LLM-based evaluation metrics.",
    "[WARNING] **No statistically significant differences** detected between memory modes (p > 0.05). Consider increasing sample size or investigating other factors.",
    "[SPEED] **Performance trade-off**: STANDARD is 1.3s faster per question than EBBINGHAUS. Consider speed requirements for production deployment."
  ]
}